file_name,file_path,status,stage,document_type,internal_code,total_chunks,claude_calls,input_tokens,output_tokens,total_tokens,markdown_path,chunks_path,usage_path,error_message
CathayBox新功能有無違反個資法之虞.docx,/Users/kuan/Desktop/AI-Agent-Cathay/audit-ai-db/data/raw/CathayBox新功能有無違反個資法之虞 copy/CathayBox新功能有無違反個資法之虞.docx,parsed_no_db,claude_chunking,legal_opinion,CLAUDE-BATCH-E4B48A4CDAFB,5,1,1251,1731,2982,/Users/kuan/Desktop/AI-Agent-Cathay/audit-ai-db/data/processed/claude_pipeline/markdown/CLAUDE-BATCH-E4B48A4CDAFB__CathayBox新功能有無違反個資法之虞__docx.md,/Users/kuan/Desktop/AI-Agent-Cathay/audit-ai-db/data/processed/claude_pipeline/chunks/CLAUDE-BATCH-E4B48A4CDAFB__CathayBox新功能有無違反個資法之虞__docx.chunks.json,/Users/kuan/Desktop/AI-Agent-Cathay/audit-ai-db/data/processed/claude_pipeline/token_usage/CLAUDE-BATCH-E4B48A4CDAFB__CathayBox新功能有無違反個資法之虞__docx.usage.json,
CathayBox新功能有無違反個資法之虞.pdf,/Users/kuan/Desktop/AI-Agent-Cathay/audit-ai-db/data/raw/CathayBox新功能有無違反個資法之虞 copy/CathayBox新功能有無違反個資法之虞.pdf,skipped_duplicate_source,file_discovery,,,0,0,0,0,0,,,,matching DOCX exists; skipped PDF duplicate source
R語言資料分析平台使用說明.pdf,/Users/kuan/Desktop/AI-Agent-Cathay/audit-ai-db/data/raw/CathayBox新功能有無違反個資法之虞 copy/R語言資料分析平台使用說明.pdf,parsed_no_db,claude_chunking,system_manual,CLAUDE-BATCH-16ED536FABA2,9,1,3170,3853,7023,/Users/kuan/Desktop/AI-Agent-Cathay/audit-ai-db/data/processed/claude_pipeline/markdown/CLAUDE-BATCH-16ED536FABA2__R語言資料分析平台使用說明__pdf.md,/Users/kuan/Desktop/AI-Agent-Cathay/audit-ai-db/data/processed/claude_pipeline/chunks/CLAUDE-BATCH-16ED536FABA2__R語言資料分析平台使用說明__pdf.chunks.json,/Users/kuan/Desktop/AI-Agent-Cathay/audit-ai-db/data/processed/claude_pipeline/token_usage/CLAUDE-BATCH-16ED536FABA2__R語言資料分析平台使用說明__pdf.usage.json,
人工智慧(AI)服務應用管理要點.docx,/Users/kuan/Desktop/AI-Agent-Cathay/audit-ai-db/data/raw/CathayBox新功能有無違反個資法之虞 copy/人工智慧(AI)服務應用管理要點.docx,parsed_no_db,claude_chunking,internal_rule,CLAUDE-BATCH-BE08FB1F3793,22,1,4167,6638,10805,/Users/kuan/Desktop/AI-Agent-Cathay/audit-ai-db/data/processed/claude_pipeline/markdown/CLAUDE-BATCH-BE08FB1F3793__人工智慧(AI)服務應用管理要點__docx.md,/Users/kuan/Desktop/AI-Agent-Cathay/audit-ai-db/data/processed/claude_pipeline/chunks/CLAUDE-BATCH-BE08FB1F3793__人工智慧(AI)服務應用管理要點__docx.chunks.json,/Users/kuan/Desktop/AI-Agent-Cathay/audit-ai-db/data/processed/claude_pipeline/token_usage/CLAUDE-BATCH-BE08FB1F3793__人工智慧(AI)服務應用管理要點__docx.usage.json,
以國壽客戶個資比對數位廣告平台用戶個資之適法性 (1).docx,/Users/kuan/Desktop/AI-Agent-Cathay/audit-ai-db/data/raw/CathayBox新功能有無違反個資法之虞 copy/以國壽客戶個資比對數位廣告平台用戶個資之適法性 (1).docx,parsed_no_db,claude_chunking,legal_opinion,CLAUDE-BATCH-FBCB2F9BD7AF,4,1,1640,2087,3727,/Users/kuan/Desktop/AI-Agent-Cathay/audit-ai-db/data/processed/claude_pipeline/markdown/CLAUDE-BATCH-FBCB2F9BD7AF__以國壽客戶個資比對數位廣告平台用戶個資之適法性 (1)__docx.md,/Users/kuan/Desktop/AI-Agent-Cathay/audit-ai-db/data/processed/claude_pipeline/chunks/CLAUDE-BATCH-FBCB2F9BD7AF__以國壽客戶個資比對數位廣告平台用戶個資之適法性 (1)__docx.chunks.json,/Users/kuan/Desktop/AI-Agent-Cathay/audit-ai-db/data/processed/claude_pipeline/token_usage/CLAUDE-BATCH-FBCB2F9BD7AF__以國壽客戶個資比對數位廣告平台用戶個資之適法性 (1)__docx.usage.json,
以基富通會員資料註冊及代登入公司會員之適法性.pdf,/Users/kuan/Desktop/AI-Agent-Cathay/audit-ai-db/data/raw/CathayBox新功能有無違反個資法之虞 copy/以基富通會員資料註冊及代登入公司會員之適法性.pdf,parsed_no_db,claude_chunking,legal_opinion,CLAUDE-BATCH-65D411EDD29F,9,3,5742,4597,10339,/Users/kuan/Desktop/AI-Agent-Cathay/audit-ai-db/data/processed/claude_pipeline/markdown/CLAUDE-BATCH-65D411EDD29F__以基富通會員資料註冊及代登入公司會員之適法性__pdf.md,/Users/kuan/Desktop/AI-Agent-Cathay/audit-ai-db/data/processed/claude_pipeline/chunks/CLAUDE-BATCH-65D411EDD29F__以基富通會員資料註冊及代登入公司會員之適法性__pdf.chunks.json,/Users/kuan/Desktop/AI-Agent-Cathay/audit-ai-db/data/processed/claude_pipeline/token_usage/CLAUDE-BATCH-65D411EDD29F__以基富通會員資料註冊及代登入公司會員之適法性__pdf.usage.json,
參與集團資料共享管理要點.docx,/Users/kuan/Desktop/AI-Agent-Cathay/audit-ai-db/data/raw/CathayBox新功能有無違反個資法之虞 copy/參與集團資料共享管理要點.docx,parsed_no_db,claude_chunking,internal_rule,CLAUDE-BATCH-056B56D9D1A6,11,1,2846,4057,6903,/Users/kuan/Desktop/AI-Agent-Cathay/audit-ai-db/data/processed/claude_pipeline/markdown/CLAUDE-BATCH-056B56D9D1A6__參與集團資料共享管理要點__docx.md,/Users/kuan/Desktop/AI-Agent-Cathay/audit-ai-db/data/processed/claude_pipeline/chunks/CLAUDE-BATCH-056B56D9D1A6__參與集團資料共享管理要點__docx.chunks.json,/Users/kuan/Desktop/AI-Agent-Cathay/audit-ai-db/data/processed/claude_pipeline/token_usage/CLAUDE-BATCH-056B56D9D1A6__參與集團資料共享管理要點__docx.usage.json,
商業分析工具使用管理要點.docx,/Users/kuan/Desktop/AI-Agent-Cathay/audit-ai-db/data/raw/CathayBox新功能有無違反個資法之虞 copy/商業分析工具使用管理要點.docx,parsed_no_db,claude_chunking,system_manual,CLAUDE-BATCH-DB63520A40DB,11,1,2096,3200,5296,/Users/kuan/Desktop/AI-Agent-Cathay/audit-ai-db/data/processed/claude_pipeline/markdown/CLAUDE-BATCH-DB63520A40DB__商業分析工具使用管理要點__docx.md,/Users/kuan/Desktop/AI-Agent-Cathay/audit-ai-db/data/processed/claude_pipeline/chunks/CLAUDE-BATCH-DB63520A40DB__商業分析工具使用管理要點__docx.chunks.json,/Users/kuan/Desktop/AI-Agent-Cathay/audit-ai-db/data/processed/claude_pipeline/token_usage/CLAUDE-BATCH-DB63520A40DB__商業分析工具使用管理要點__docx.usage.json,
國泰APP會員點選與我聯絡後，公司與其連絡是否違反個人資料保護法.docx,/Users/kuan/Desktop/AI-Agent-Cathay/audit-ai-db/data/raw/CathayBox新功能有無違反個資法之虞 copy/國泰APP會員點選與我聯絡後，公司與其連絡是否違反個人資料保護法.docx,parsed_no_db,claude_chunking,internal_rule,CLAUDE-BATCH-250665A7F956,5,1,1258,1638,2896,/Users/kuan/Desktop/AI-Agent-Cathay/audit-ai-db/data/processed/claude_pipeline/markdown/CLAUDE-BATCH-250665A7F956__國泰APP會員點選與我聯絡後，公司與其連絡是否違反個人資料保護法__docx.md,/Users/kuan/Desktop/AI-Agent-Cathay/audit-ai-db/data/processed/claude_pipeline/chunks/CLAUDE-BATCH-250665A7F956__國泰APP會員點選與我聯絡後，公司與其連絡是否違反個人資料保護法__docx.chunks.json,/Users/kuan/Desktop/AI-Agent-Cathay/audit-ai-db/data/processed/claude_pipeline/token_usage/CLAUDE-BATCH-250665A7F956__國泰APP會員點選與我聯絡後，公司與其連絡是否違反個人資料保護法__docx.usage.json,
國泰APP會員點選與我聯絡後，公司與其連絡是否違反個人資料保護法.pdf,/Users/kuan/Desktop/AI-Agent-Cathay/audit-ai-db/data/raw/CathayBox新功能有無違反個資法之虞 copy/國泰APP會員點選與我聯絡後，公司與其連絡是否違反個人資料保護法.pdf,skipped_duplicate_source,file_discovery,,,0,0,0,0,0,,,,matching DOCX exists; skipped PDF duplicate source
國泰金控暨子公司客戶資料共享政策.docx,/Users/kuan/Desktop/AI-Agent-Cathay/audit-ai-db/data/raw/CathayBox新功能有無違反個資法之虞 copy/國泰金控暨子公司客戶資料共享政策.docx,parsed_no_db,claude_chunking,internal_rule,CLAUDE-BATCH-E695F799373E,9,1,2363,3171,5534,/Users/kuan/Desktop/AI-Agent-Cathay/audit-ai-db/data/processed/claude_pipeline/markdown/CLAUDE-BATCH-E695F799373E__國泰金控暨子公司客戶資料共享政策__docx.md,/Users/kuan/Desktop/AI-Agent-Cathay/audit-ai-db/data/processed/claude_pipeline/chunks/CLAUDE-BATCH-E695F799373E__國泰金控暨子公司客戶資料共享政策__docx.chunks.json,/Users/kuan/Desktop/AI-Agent-Cathay/audit-ai-db/data/processed/claude_pipeline/token_usage/CLAUDE-BATCH-E695F799373E__國泰金控暨子公司客戶資料共享政策__docx.usage.json,
國泰金融控股股份有限公司暨各子公司大數據Hadoop平台管理要點.pdf,/Users/kuan/Desktop/AI-Agent-Cathay/audit-ai-db/data/raw/CathayBox新功能有無違反個資法之虞 copy/國泰金融控股股份有限公司暨各子公司大數據Hadoop平台管理要點.pdf,parsed_no_db,claude_chunking,system_manual,CLAUDE-BATCH-47C4A9FE18A4,30,1,10651,13470,24121,/Users/kuan/Desktop/AI-Agent-Cathay/audit-ai-db/data/processed/claude_pipeline/markdown/CLAUDE-BATCH-47C4A9FE18A4__國泰金融控股股份有限公司暨各子公司大數據Hadoop平台管理要點__pdf.md,/Users/kuan/Desktop/AI-Agent-Cathay/audit-ai-db/data/processed/claude_pipeline/chunks/CLAUDE-BATCH-47C4A9FE18A4__國泰金融控股股份有限公司暨各子公司大數據Hadoop平台管理要點__pdf.chunks.json,/Users/kuan/Desktop/AI-Agent-Cathay/audit-ai-db/data/processed/claude_pipeline/token_usage/CLAUDE-BATCH-47C4A9FE18A4__國泰金融控股股份有限公司暨各子公司大數據Hadoop平台管理要點__pdf.usage.json,
國泰金融控股股份有限公司暨各子公司間資料傳輸作業管理辦法.pdf,/Users/kuan/Desktop/AI-Agent-Cathay/audit-ai-db/data/raw/CathayBox新功能有無違反個資法之虞 copy/國泰金融控股股份有限公司暨各子公司間資料傳輸作業管理辦法.pdf,parsed_no_db,claude_chunking,internal_rule,CLAUDE-BATCH-24EBDF49B2A4,15,2,5168,4834,10002,/Users/kuan/Desktop/AI-Agent-Cathay/audit-ai-db/data/processed/claude_pipeline/markdown/CLAUDE-BATCH-24EBDF49B2A4__國泰金融控股股份有限公司暨各子公司間資料傳輸作業管理辦法__pdf.md,/Users/kuan/Desktop/AI-Agent-Cathay/audit-ai-db/data/processed/claude_pipeline/chunks/CLAUDE-BATCH-24EBDF49B2A4__國泰金融控股股份有限公司暨各子公司間資料傳輸作業管理辦法__pdf.chunks.json,/Users/kuan/Desktop/AI-Agent-Cathay/audit-ai-db/data/processed/claude_pipeline/token_usage/CLAUDE-BATCH-24EBDF49B2A4__國泰金融控股股份有限公司暨各子公司間資料傳輸作業管理辦法__pdf.usage.json,
國泰金融控股股份有限公司暨子公司人工智慧(AI)服務應用管理要點.pdf,/Users/kuan/Desktop/AI-Agent-Cathay/audit-ai-db/data/raw/CathayBox新功能有無違反個資法之虞 copy/國泰金融控股股份有限公司暨子公司人工智慧(AI)服務應用管理要點.pdf,parsed_no_db,claude_chunking,internal_rule,CLAUDE-BATCH-29BAD807561B,24,1,10184,12649,22833,/Users/kuan/Desktop/AI-Agent-Cathay/audit-ai-db/data/processed/claude_pipeline/markdown/CLAUDE-BATCH-29BAD807561B__國泰金融控股股份有限公司暨子公司人工智慧(AI)服務應用管理要點__pdf.md,/Users/kuan/Desktop/AI-Agent-Cathay/audit-ai-db/data/processed/claude_pipeline/chunks/CLAUDE-BATCH-29BAD807561B__國泰金融控股股份有限公司暨子公司人工智慧(AI)服務應用管理要點__pdf.chunks.json,/Users/kuan/Desktop/AI-Agent-Cathay/audit-ai-db/data/processed/claude_pipeline/token_usage/CLAUDE-BATCH-29BAD807561B__國泰金融控股股份有限公司暨子公司人工智慧(AI)服務應用管理要點__pdf.usage.json,
國泰金融控股股份有限公司曁各子公司間資料共享管理辦法.pdf,/Users/kuan/Desktop/AI-Agent-Cathay/audit-ai-db/data/raw/CathayBox新功能有無違反個資法之虞 copy/國泰金融控股股份有限公司曁各子公司間資料共享管理辦法.pdf,parsed_no_db,claude_chunking,internal_rule,CLAUDE-BATCH-81BCC058FB39,15,1,4868,6157,11025,/Users/kuan/Desktop/AI-Agent-Cathay/audit-ai-db/data/processed/claude_pipeline/markdown/CLAUDE-BATCH-81BCC058FB39__國泰金融控股股份有限公司曁各子公司間資料共享管理辦法__pdf.md,/Users/kuan/Desktop/AI-Agent-Cathay/audit-ai-db/data/processed/claude_pipeline/chunks/CLAUDE-BATCH-81BCC058FB39__國泰金融控股股份有限公司曁各子公司間資料共享管理辦法__pdf.chunks.json,/Users/kuan/Desktop/AI-Agent-Cathay/audit-ai-db/data/processed/claude_pipeline/token_usage/CLAUDE-BATCH-81BCC058FB39__國泰金融控股股份有限公司曁各子公司間資料共享管理辦法__pdf.usage.json,
國泰金融控股股份有限公司資訊作業申請管理要點.pdf,/Users/kuan/Desktop/AI-Agent-Cathay/audit-ai-db/data/raw/CathayBox新功能有無違反個資法之虞 copy/國泰金融控股股份有限公司資訊作業申請管理要點.pdf,parsed_no_db,claude_chunking,system_manual,CLAUDE-BATCH-5C9E9296B11B,22,2,5918,5844,11762,/Users/kuan/Desktop/AI-Agent-Cathay/audit-ai-db/data/processed/claude_pipeline/markdown/CLAUDE-BATCH-5C9E9296B11B__國泰金融控股股份有限公司資訊作業申請管理要點__pdf.md,/Users/kuan/Desktop/AI-Agent-Cathay/audit-ai-db/data/processed/claude_pipeline/chunks/CLAUDE-BATCH-5C9E9296B11B__國泰金融控股股份有限公司資訊作業申請管理要點__pdf.chunks.json,/Users/kuan/Desktop/AI-Agent-Cathay/audit-ai-db/data/processed/claude_pipeline/token_usage/CLAUDE-BATCH-5C9E9296B11B__國泰金融控股股份有限公司資訊作業申請管理要點__pdf.usage.json,
大數據Hadoop平台管理辦法.docx,/Users/kuan/Desktop/AI-Agent-Cathay/audit-ai-db/data/raw/CathayBox新功能有無違反個資法之虞 copy/大數據Hadoop平台管理辦法.docx,parsed_no_db,claude_chunking,system_manual,CLAUDE-BATCH-6CDF26D94FF1,12,1,2144,3324,5468,/Users/kuan/Desktop/AI-Agent-Cathay/audit-ai-db/data/processed/claude_pipeline/markdown/CLAUDE-BATCH-6CDF26D94FF1__大數據Hadoop平台管理辦法__docx.md,/Users/kuan/Desktop/AI-Agent-Cathay/audit-ai-db/data/processed/claude_pipeline/chunks/CLAUDE-BATCH-6CDF26D94FF1__大數據Hadoop平台管理辦法__docx.chunks.json,/Users/kuan/Desktop/AI-Agent-Cathay/audit-ai-db/data/processed/claude_pipeline/token_usage/CLAUDE-BATCH-6CDF26D94FF1__大數據Hadoop平台管理辦法__docx.usage.json,
客戶服務歷程事件以概括性文字提供予業務員有無違反個資法之虞.docx,/Users/kuan/Desktop/AI-Agent-Cathay/audit-ai-db/data/raw/CathayBox新功能有無違反個資法之虞 copy/客戶服務歷程事件以概括性文字提供予業務員有無違反個資法之虞.docx,parsed_no_db,claude_chunking,legal_opinion,CLAUDE-BATCH-511E4640C186,4,1,1193,1477,2670,/Users/kuan/Desktop/AI-Agent-Cathay/audit-ai-db/data/processed/claude_pipeline/markdown/CLAUDE-BATCH-511E4640C186__客戶服務歷程事件以概括性文字提供予業務員有無違反個資法之虞__docx.md,/Users/kuan/Desktop/AI-Agent-Cathay/audit-ai-db/data/processed/claude_pipeline/chunks/CLAUDE-BATCH-511E4640C186__客戶服務歷程事件以概括性文字提供予業務員有無違反個資法之虞__docx.chunks.json,/Users/kuan/Desktop/AI-Agent-Cathay/audit-ai-db/data/processed/claude_pipeline/token_usage/CLAUDE-BATCH-511E4640C186__客戶服務歷程事件以概括性文字提供予業務員有無違反個資法之虞__docx.usage.json,
客戶服務歷程事件以概括性文字提供予業務員有無違反個資法之虞.pdf,/Users/kuan/Desktop/AI-Agent-Cathay/audit-ai-db/data/raw/CathayBox新功能有無違反個資法之虞 copy/客戶服務歷程事件以概括性文字提供予業務員有無違反個資法之虞.pdf,skipped_duplicate_source,file_discovery,,,0,0,0,0,0,,,,matching DOCX exists; skipped PDF duplicate source
客戶資料共享政策 (1).docx,/Users/kuan/Desktop/AI-Agent-Cathay/audit-ai-db/data/raw/CathayBox新功能有無違反個資法之虞 copy/客戶資料共享政策 (1).docx,parsed_no_db,claude_chunking,internal_rule,CLAUDE-BATCH-8345087155A2,8,1,2345,3164,5509,/Users/kuan/Desktop/AI-Agent-Cathay/audit-ai-db/data/processed/claude_pipeline/markdown/CLAUDE-BATCH-8345087155A2__客戶資料共享政策 (1)__docx.md,/Users/kuan/Desktop/AI-Agent-Cathay/audit-ai-db/data/processed/claude_pipeline/chunks/CLAUDE-BATCH-8345087155A2__客戶資料共享政策 (1)__docx.chunks.json,/Users/kuan/Desktop/AI-Agent-Cathay/audit-ai-db/data/processed/claude_pipeline/token_usage/CLAUDE-BATCH-8345087155A2__客戶資料共享政策 (1)__docx.usage.json,
數據平台使用管理要點.docx,/Users/kuan/Desktop/AI-Agent-Cathay/audit-ai-db/data/raw/CathayBox新功能有無違反個資法之虞 copy/數據平台使用管理要點.docx,parsed_no_db,claude_chunking,system_manual,CLAUDE-BATCH-511D1866BAA5,36,1,4401,8268,12669,/Users/kuan/Desktop/AI-Agent-Cathay/audit-ai-db/data/processed/claude_pipeline/markdown/CLAUDE-BATCH-511D1866BAA5__數據平台使用管理要點__docx.md,/Users/kuan/Desktop/AI-Agent-Cathay/audit-ai-db/data/processed/claude_pipeline/chunks/CLAUDE-BATCH-511D1866BAA5__數據平台使用管理要點__docx.chunks.json,/Users/kuan/Desktop/AI-Agent-Cathay/audit-ai-db/data/processed/claude_pipeline/token_usage/CLAUDE-BATCH-511D1866BAA5__數據平台使用管理要點__docx.usage.json,
數據暨人工智慧發展部-內部控制作業之處理程序 (1).docx,/Users/kuan/Desktop/AI-Agent-Cathay/audit-ai-db/data/raw/CathayBox新功能有無違反個資法之虞 copy/數據暨人工智慧發展部-內部控制作業之處理程序 (1).docx,parsed_no_db,claude_chunking,internal_rule,CLAUDE-BATCH-09059AFF0822,8,1,3515,4609,8124,/Users/kuan/Desktop/AI-Agent-Cathay/audit-ai-db/data/processed/claude_pipeline/markdown/CLAUDE-BATCH-09059AFF0822__數據暨人工智慧發展部-內部控制作業之處理程序 (1)__docx.md,/Users/kuan/Desktop/AI-Agent-Cathay/audit-ai-db/data/processed/claude_pipeline/chunks/CLAUDE-BATCH-09059AFF0822__數據暨人工智慧發展部-內部控制作業之處理程序 (1)__docx.chunks.json,/Users/kuan/Desktop/AI-Agent-Cathay/audit-ai-db/data/processed/claude_pipeline/token_usage/CLAUDE-BATCH-09059AFF0822__數據暨人工智慧發展部-內部控制作業之處理程序 (1)__docx.usage.json,
數據暨人工智慧發展部-自行查核工作底稿.xlsx,/Users/kuan/Desktop/AI-Agent-Cathay/audit-ai-db/data/raw/CathayBox新功能有無違反個資法之虞 copy/數據暨人工智慧發展部-自行查核工作底稿.xlsx,skipped_unsupported,file_discovery,,,0,0,0,0,0,,,,unsupported file extension: .xlsx
於NPS活動頁蒐集COOKIE模式之適法性.docx,/Users/kuan/Desktop/AI-Agent-Cathay/audit-ai-db/data/raw/CathayBox新功能有無違反個資法之虞 copy/於NPS活動頁蒐集COOKIE模式之適法性.docx,parsed_no_db,claude_chunking,legal_opinion,CLAUDE-BATCH-285D2374AB11,2,1,838,866,1704,/Users/kuan/Desktop/AI-Agent-Cathay/audit-ai-db/data/processed/claude_pipeline/markdown/CLAUDE-BATCH-285D2374AB11__於NPS活動頁蒐集COOKIE模式之適法性__docx.md,/Users/kuan/Desktop/AI-Agent-Cathay/audit-ai-db/data/processed/claude_pipeline/chunks/CLAUDE-BATCH-285D2374AB11__於NPS活動頁蒐集COOKIE模式之適法性__docx.chunks.json,/Users/kuan/Desktop/AI-Agent-Cathay/audit-ai-db/data/processed/claude_pipeline/token_usage/CLAUDE-BATCH-285D2374AB11__於NPS活動頁蒐集COOKIE模式之適法性__docx.usage.json,
於NPS活動頁蒐集COOKIE模式之適法性.pdf,/Users/kuan/Desktop/AI-Agent-Cathay/audit-ai-db/data/raw/CathayBox新功能有無違反個資法之虞 copy/於NPS活動頁蒐集COOKIE模式之適法性.pdf,skipped_duplicate_source,file_discovery,,,0,0,0,0,0,,,,matching DOCX exists; skipped PDF duplicate source
查詢業務員自行輸入BOX APP客戶資料之適法性.docx,/Users/kuan/Desktop/AI-Agent-Cathay/audit-ai-db/data/raw/CathayBox新功能有無違反個資法之虞 copy/查詢業務員自行輸入BOX APP客戶資料之適法性.docx,parsed_no_db,claude_chunking,legal_opinion,CLAUDE-BATCH-46F15FA2DFFA,5,1,1180,1601,2781,/Users/kuan/Desktop/AI-Agent-Cathay/audit-ai-db/data/processed/claude_pipeline/markdown/CLAUDE-BATCH-46F15FA2DFFA__查詢業務員自行輸入BOX APP客戶資料之適法性__docx.md,/Users/kuan/Desktop/AI-Agent-Cathay/audit-ai-db/data/processed/claude_pipeline/chunks/CLAUDE-BATCH-46F15FA2DFFA__查詢業務員自行輸入BOX APP客戶資料之適法性__docx.chunks.json,/Users/kuan/Desktop/AI-Agent-Cathay/audit-ai-db/data/processed/claude_pipeline/token_usage/CLAUDE-BATCH-46F15FA2DFFA__查詢業務員自行輸入BOX APP客戶資料之適法性__docx.usage.json,
查詢業務員自行輸入BOX APP客戶資料之適法性.pdf,/Users/kuan/Desktop/AI-Agent-Cathay/audit-ai-db/data/raw/CathayBox新功能有無違反個資法之虞 copy/查詢業務員自行輸入BOX APP客戶資料之適法性.pdf,skipped_duplicate_source,file_discovery,,,0,0,0,0,0,,,,matching DOCX exists; skipped PDF duplicate source
模糊化住院註記是否屬特種個資疑義 (002).pdf,/Users/kuan/Desktop/AI-Agent-Cathay/audit-ai-db/data/raw/CathayBox新功能有無違反個資法之虞 copy/模糊化住院註記是否屬特種個資疑義 (002).pdf,failed,claude_chunking,legal_opinion,CLAUDE-BATCH-347CE1B6ED22,0,0,0,0,0,,,,"Claude returned invalid JSON: Expecting ',' delimiter: line 38 column 74 (char 1721)"
機器學習平台使用管理要點.docx,/Users/kuan/Desktop/AI-Agent-Cathay/audit-ai-db/data/raw/CathayBox新功能有無違反個資法之虞 copy/機器學習平台使用管理要點.docx,parsed_no_db,claude_chunking,system_manual,CLAUDE-BATCH-262A722B62D5,11,1,2154,3118,5272,/Users/kuan/Desktop/AI-Agent-Cathay/audit-ai-db/data/processed/claude_pipeline/markdown/CLAUDE-BATCH-262A722B62D5__機器學習平台使用管理要點__docx.md,/Users/kuan/Desktop/AI-Agent-Cathay/audit-ai-db/data/processed/claude_pipeline/chunks/CLAUDE-BATCH-262A722B62D5__機器學習平台使用管理要點__docx.chunks.json,/Users/kuan/Desktop/AI-Agent-Cathay/audit-ai-db/data/processed/claude_pipeline/token_usage/CLAUDE-BATCH-262A722B62D5__機器學習平台使用管理要點__docx.usage.json,
確認Smart Event 簽到系統與國泰人壽APP串接適法性問題.docx,/Users/kuan/Desktop/AI-Agent-Cathay/audit-ai-db/data/raw/CathayBox新功能有無違反個資法之虞 copy/確認Smart Event 簽到系統與國泰人壽APP串接適法性問題.docx,parsed_no_db,claude_chunking,legal_opinion,CLAUDE-BATCH-1B7FE8FA48C7,4,1,1617,1915,3532,/Users/kuan/Desktop/AI-Agent-Cathay/audit-ai-db/data/processed/claude_pipeline/markdown/CLAUDE-BATCH-1B7FE8FA48C7__確認Smart Event 簽到系統與國泰人壽APP串接適法性問題__docx.md,/Users/kuan/Desktop/AI-Agent-Cathay/audit-ai-db/data/processed/claude_pipeline/chunks/CLAUDE-BATCH-1B7FE8FA48C7__確認Smart Event 簽到系統與國泰人壽APP串接適法性問題__docx.chunks.json,/Users/kuan/Desktop/AI-Agent-Cathay/audit-ai-db/data/processed/claude_pipeline/token_usage/CLAUDE-BATCH-1B7FE8FA48C7__確認Smart Event 簽到系統與國泰人壽APP串接適法性問題__docx.usage.json,
確認Smart Event 簽到系統與國泰人壽APP串接適法性問題.pdf,/Users/kuan/Desktop/AI-Agent-Cathay/audit-ai-db/data/raw/CathayBox新功能有無違反個資法之虞 copy/確認Smart Event 簽到系統與國泰人壽APP串接適法性問題.pdf,skipped_duplicate_source,file_discovery,,,0,0,0,0,0,,,,matching DOCX exists; skipped PDF duplicate source
評估將大腹翁小腹婆活動參加者資料用於其他數據分析研究之適法性.docx,/Users/kuan/Desktop/AI-Agent-Cathay/audit-ai-db/data/raw/CathayBox新功能有無違反個資法之虞 copy/評估將大腹翁小腹婆活動參加者資料用於其他數據分析研究之適法性.docx,parsed_no_db,claude_chunking,legal_opinion,CLAUDE-BATCH-F965C52D51F3,4,1,1354,1537,2891,/Users/kuan/Desktop/AI-Agent-Cathay/audit-ai-db/data/processed/claude_pipeline/markdown/CLAUDE-BATCH-F965C52D51F3__評估將大腹翁小腹婆活動參加者資料用於其他數據分析研究之適法性__docx.md,/Users/kuan/Desktop/AI-Agent-Cathay/audit-ai-db/data/processed/claude_pipeline/chunks/CLAUDE-BATCH-F965C52D51F3__評估將大腹翁小腹婆活動參加者資料用於其他數據分析研究之適法性__docx.chunks.json,/Users/kuan/Desktop/AI-Agent-Cathay/audit-ai-db/data/processed/claude_pipeline/token_usage/CLAUDE-BATCH-F965C52D51F3__評估將大腹翁小腹婆活動參加者資料用於其他數據分析研究之適法性__docx.usage.json,
評估將大腹翁小腹婆活動參加者資料用於其他數據分析研究之適法性.pdf,/Users/kuan/Desktop/AI-Agent-Cathay/audit-ai-db/data/raw/CathayBox新功能有無違反個資法之虞 copy/評估將大腹翁小腹婆活動參加者資料用於其他數據分析研究之適法性.pdf,skipped_duplicate_source,file_discovery,,,0,0,0,0,0,,,,matching DOCX exists; skipped PDF duplicate source
評估蒐集FB公開資料及運用客戶資料抓取FB ID適法性.docx,/Users/kuan/Desktop/AI-Agent-Cathay/audit-ai-db/data/raw/CathayBox新功能有無違反個資法之虞 copy/評估蒐集FB公開資料及運用客戶資料抓取FB ID適法性.docx,parsed_no_db,claude_chunking,legal_opinion,CLAUDE-BATCH-18B9AD22BA54,5,1,1156,1527,2683,/Users/kuan/Desktop/AI-Agent-Cathay/audit-ai-db/data/processed/claude_pipeline/markdown/CLAUDE-BATCH-18B9AD22BA54__評估蒐集FB公開資料及運用客戶資料抓取FB ID適法性__docx.md,/Users/kuan/Desktop/AI-Agent-Cathay/audit-ai-db/data/processed/claude_pipeline/chunks/CLAUDE-BATCH-18B9AD22BA54__評估蒐集FB公開資料及運用客戶資料抓取FB ID適法性__docx.chunks.json,/Users/kuan/Desktop/AI-Agent-Cathay/audit-ai-db/data/processed/claude_pipeline/token_usage/CLAUDE-BATCH-18B9AD22BA54__評估蒐集FB公開資料及運用客戶資料抓取FB ID適法性__docx.usage.json,
評估蒐集FB公開資料及運用客戶資料抓取FB ID適法性.pdf,/Users/kuan/Desktop/AI-Agent-Cathay/audit-ai-db/data/raw/CathayBox新功能有無違反個資法之虞 copy/評估蒐集FB公開資料及運用客戶資料抓取FB ID適法性.pdf,skipped_duplicate_source,file_discovery,,,0,0,0,0,0,,,,matching DOCX exists; skipped PDF duplicate source
運用客戶健康相關資料進行客戶服務、行銷接觸及風險控管相關業務之適法性.docx,/Users/kuan/Desktop/AI-Agent-Cathay/audit-ai-db/data/raw/CathayBox新功能有無違反個資法之虞 copy/運用客戶健康相關資料進行客戶服務、行銷接觸及風險控管相關業務之適法性.docx,parsed_no_db,claude_chunking,legal_opinion,CLAUDE-BATCH-00A825B4604F,7,1,1651,2363,4014,/Users/kuan/Desktop/AI-Agent-Cathay/audit-ai-db/data/processed/claude_pipeline/markdown/CLAUDE-BATCH-00A825B4604F__運用客戶健康相關資料進行客戶服務、行銷接觸及風險控管相關業務之適法性__docx.md,/Users/kuan/Desktop/AI-Agent-Cathay/audit-ai-db/data/processed/claude_pipeline/chunks/CLAUDE-BATCH-00A825B4604F__運用客戶健康相關資料進行客戶服務、行銷接觸及風險控管相關業務之適法性__docx.chunks.json,/Users/kuan/Desktop/AI-Agent-Cathay/audit-ai-db/data/processed/claude_pipeline/token_usage/CLAUDE-BATCH-00A825B4604F__運用客戶健康相關資料進行客戶服務、行銷接觸及風險控管相關業務之適法性__docx.usage.json,
運用客戶健康相關資料進行客戶服務、行銷接觸及風險控管相關業務之適法性.pdf,/Users/kuan/Desktop/AI-Agent-Cathay/audit-ai-db/data/raw/CathayBox新功能有無違反個資法之虞 copy/運用客戶健康相關資料進行客戶服務、行銷接觸及風險控管相關業務之適法性.pdf,skipped_duplicate_source,file_discovery,,,0,0,0,0,0,,,,matching DOCX exists; skipped PDF duplicate source
金控同仁兼任國壽職務於國壽辦公室進行資料蒐集分析疑義.docx,/Users/kuan/Desktop/AI-Agent-Cathay/audit-ai-db/data/raw/CathayBox新功能有無違反個資法之虞 copy/金控同仁兼任國壽職務於國壽辦公室進行資料蒐集分析疑義.docx,parsed_no_db,claude_chunking,legal_opinion,CLAUDE-BATCH-043B0BB9A7BA,5,1,1219,1581,2800,/Users/kuan/Desktop/AI-Agent-Cathay/audit-ai-db/data/processed/claude_pipeline/markdown/CLAUDE-BATCH-043B0BB9A7BA__金控同仁兼任國壽職務於國壽辦公室進行資料蒐集分析疑義__docx.md,/Users/kuan/Desktop/AI-Agent-Cathay/audit-ai-db/data/processed/claude_pipeline/chunks/CLAUDE-BATCH-043B0BB9A7BA__金控同仁兼任國壽職務於國壽辦公室進行資料蒐集分析疑義__docx.chunks.json,/Users/kuan/Desktop/AI-Agent-Cathay/audit-ai-db/data/processed/claude_pipeline/token_usage/CLAUDE-BATCH-043B0BB9A7BA__金控同仁兼任國壽職務於國壽辦公室進行資料蒐集分析疑義__docx.usage.json,
金控同仁兼任國壽職務於國壽辦公室進行資料蒐集分析疑義.pdf,/Users/kuan/Desktop/AI-Agent-Cathay/audit-ai-db/data/raw/CathayBox新功能有無違反個資法之虞 copy/金控同仁兼任國壽職務於國壽辦公室進行資料蒐集分析疑義.pdf,skipped_duplicate_source,file_discovery,,,0,0,0,0,0,,,,matching DOCX exists; skipped PDF duplicate source
附件一、AI服務應用風險評估方法.docx,/Users/kuan/Desktop/AI-Agent-Cathay/audit-ai-db/data/raw/CathayBox新功能有無違反個資法之虞 copy/附件一、AI服務應用風險評估方法.docx,parsed_no_db,claude_chunking,internal_rule,CLAUDE-BATCH-2541A6A16745,12,1,3354,5126,8480,/Users/kuan/Desktop/AI-Agent-Cathay/audit-ai-db/data/processed/claude_pipeline/markdown/CLAUDE-BATCH-2541A6A16745__附件一、AI服務應用風險評估方法__docx.md,/Users/kuan/Desktop/AI-Agent-Cathay/audit-ai-db/data/processed/claude_pipeline/chunks/CLAUDE-BATCH-2541A6A16745__附件一、AI服務應用風險評估方法__docx.chunks.json,/Users/kuan/Desktop/AI-Agent-Cathay/audit-ai-db/data/processed/claude_pipeline/token_usage/CLAUDE-BATCH-2541A6A16745__附件一、AI服務應用風險評估方法__docx.usage.json,
附件三、AI服務應用案件上線檢核表.docx,/Users/kuan/Desktop/AI-Agent-Cathay/audit-ai-db/data/raw/CathayBox新功能有無違反個資法之虞 copy/附件三、AI服務應用案件上線檢核表.docx,parsed_no_db,claude_chunking,internal_rule,CLAUDE-BATCH-68B419AA4DD5,32,1,9055,12803,21858,/Users/kuan/Desktop/AI-Agent-Cathay/audit-ai-db/data/processed/claude_pipeline/markdown/CLAUDE-BATCH-68B419AA4DD5__附件三、AI服務應用案件上線檢核表__docx.md,/Users/kuan/Desktop/AI-Agent-Cathay/audit-ai-db/data/processed/claude_pipeline/chunks/CLAUDE-BATCH-68B419AA4DD5__附件三、AI服務應用案件上線檢核表__docx.chunks.json,/Users/kuan/Desktop/AI-Agent-Cathay/audit-ai-db/data/processed/claude_pipeline/token_usage/CLAUDE-BATCH-68B419AA4DD5__附件三、AI服務應用案件上線檢核表__docx.usage.json,
附件二、AI服務應用案件檢核暨風險評估表.docx,/Users/kuan/Desktop/AI-Agent-Cathay/audit-ai-db/data/raw/CathayBox新功能有無違反個資法之虞 copy/附件二、AI服務應用案件檢核暨風險評估表.docx,parsed_no_db,claude_chunking,internal_rule,CLAUDE-BATCH-2DAB26C7813D,27,1,7263,9730,16993,/Users/kuan/Desktop/AI-Agent-Cathay/audit-ai-db/data/processed/claude_pipeline/markdown/CLAUDE-BATCH-2DAB26C7813D__附件二、AI服務應用案件檢核暨風險評估表__docx.md,/Users/kuan/Desktop/AI-Agent-Cathay/audit-ai-db/data/processed/claude_pipeline/chunks/CLAUDE-BATCH-2DAB26C7813D__附件二、AI服務應用案件檢核暨風險評估表__docx.chunks.json,/Users/kuan/Desktop/AI-Agent-Cathay/audit-ai-db/data/processed/claude_pipeline/token_usage/CLAUDE-BATCH-2DAB26C7813D__附件二、AI服務應用案件檢核暨風險評估表__docx.usage.json,
